5 ALA,
5 FLUORURACIL,
6 MERCAPTOPURINA,
AAS,
ABACAVIR,
ABAMECTINA,
ABARELIX,
ABATACEPT,
ABCIXIMAB,
ABECARNIL,
ABEMACICLIB,
ABETIMÚS,
ABIRATERONA,
ACADESINA,
ACAMPROSAT DE CALCI,
ACARBOSA,
ACEBUTOLOL,
ACECAÏNIDA,
ACECARBROMAL,
ACECLOFENAC,
ACEDIASULFONA SÒDICA,
ACEDOBÈN,
ACEFIL·LINA PIPERAZINA,
ACEGLUTAMIDA,
ACEMANNAN,
ACENOCUMAROL,
ACEPROMETAZINA,
ACESULFAM POTÀSSIC,
ACETARSOL,
ACETAZOLAMIDA,
ACETIAMINA,
ACETILCISTEÏNA,
ACETILDIGITOXINA,
ACETIL·LEUCINA,
ACETOHEXAMIDA,
ACETÒNID DE FLUCLOROLONA,
ACETÒNID DE FLUOCINOLONA,
ACEVALTRAT,
ACICLOVIR,
ÀCID ACETOHIDROXÀMIC,
ÀCID ACEXÀMIC,
ÀCID ALENDRÒNIC (ALENDRONAT),
ÀCID AMINOCAPROIC,
ÀCID ASCÒRBIC,
ÀCID ASPÀRTIC,
ÀCID AZELAIC,
ÀCID CARGLÚMIC,
ÀCID CICLOXÍLIC,
ÀCID CINAMÈTIC,
ÀCID CLAVULÀNIC,
ÀCID CLODRÒNIC,
ÀCID DESHIDROCÒLIC,
ÀCID DIMECRÒTIC,
ÀCID EDÈTIC,
ÀCID ETACRÍNIC,
ÀCID ETIDRÒNIC,
ÀCID FLUFENÀMIC,
ÀCID FÒLIC,
ÀCID GADOBÈNIC,
ÀCID GADOPENTÈTIC,
ÀCID GADOTÈRIC,
ÀCID GADOXÈTIC,
ÀCID GAMOLÈNIC,
ÀCID GLUTÀMIC,
ÀCID INCADRÒNIC,
ÀCID IOCETÀMIC,
ÀCID IODOXÀMIC,
ÀCID IOGLÍCIC,
ÀCID IOPANOIC,
ÀCID IOTALÀMIC,
ÀCID IOTRÒXIC,
ÀCID IOXÀGLIC,
ÀCID IOXITALÀMIC,
ÀCID ISOSPAGLÚMIC,
ÀCID MECLOFENÀMIC,
ÀCID MEDRÒNIC,
ÀCID MEFENÀMIC,
ÀCID NALIDÍXIC,
ÀCID NERIDRÒNIC,
ÀCID NICOTÍNIC,
ÀCID NIFLÚMIC,
ÀCID OBETICÒLIC,
ÀCID OCTANOIC,
ÀCID ORÒTIC,
ÀCID OXIDRÒNIC,
ÀCID OXOLÍNIC,
ÀCID PAMIDRÒNIC,
ÀCID PENTÈTIC,
ÀCID PIPEMÍDIC,
ÀCID PIROMÍDIC,
ÀCID QUENODESOXICÒLIC,
ÀCID TIAPROFÈNIC,
ÀCID TIENÍLIC,
ÀCID TILUDRÒNIC,
ÀCID TOLFENÀMIC,
ÀCID TRANEXÀMIC,
ÀCID URSODESOXICÒLIC,
ÀCID VALPROIC (VALPROAT),
ÀCID VALPROIC,
ÀCID ZOLEDRÒNIC,
ACIPIMOX,
ACITRETINA,
ACLARUBICINA,
ACRIVASTINA,
ACTARIT,
ACTINOQUINOL,
ACTOCORTINA,
ADALIMUMAB,
ADAPALÈ,
ADEFOVIR,
ADEMETIONINA,
ADIFENINA,
ADIPIODONA,
ADRAFINIL,
ADRENALINA,
ADRENALONA,
AFAMELANOTIDA,
AFATINIB,
AFELIMOMAB,
AFLIBERCEPT,
AFLOQUALONA,
AFURESERTIB,
AGALSIDASA BETA,
AGOMELATINA,
ALACEPRIL,
ALANINA,
ALATROFLOXACINA,
ALBENDAZOL,
ALBIGLUTIDA,
ALBUTREPENONACOG ALFA,
ALCLOMETASONA,
ALCLOXA,
ALCOHOL BENZÍLIC,
ALDESLEUKINA,
ALDIOXA,
ALDOSTERONA,
ALECTINIB,
ALEFACEPT,
ALEGLITAZAR,
ALEMTUZUMAB,
ALENDRONAT DE SODI,
ALEXITOL SÒDIC,
ALFACALCIDOL,
ALFADEX,
ALFADOLONA,
ALFAPROSTOL,
ALFAXALONA,
ALFENTANIL,
ALFOSCERAT DE COLINA,
ALFUZOSINA,
ALGESTONA,
ALGLUCERASA,
ALGLUCOSIDASA ALFA,
ALIBENDOL,
ALIMEMAZINA,
ALIROCUMAB,
ALISKIRÈN,
ALITRETINOÏNA,
ALIZAPRIDA,
AL·LILESTRENOL,
AL·LOBARBITAL,
AL·LOCLAMIDA,
AL·LOPURINOL,
ALMAGAT,
ALMASILAT,
ALMINOPROFÈN,
ALMITRINA,
ALMOTRIPTAN,
ALOGLIPTINA,
ALOSETRÓ,
ALOXIPRINA,
ALPIROPRIDA,
ALPRAZOLAM,
ALPRENOLOL,
ALPROSTADIL,
ALTEPLASA RTPA,
ALTEPLASA,
ALTIZIDA,
ALTRENOGEST,
ALTRETAMINA,
ALVERINA,
ALVIMOPAN,
AMANTADINA,
AMBRISENTAN,
AMBROXOL,
AMBUCETAMIDA,
AMCINONIDA,
AMFEPRAMONA,
AMFETAMINA,
AMFETAMINIL,
AMFOTERICINA B LIPIDICA,
AMFOTERICINA B LIPOSOMAL,
AMFOTERICINA B,
AMIDOTRIZOAT DE SODI,
AMIDOTRIZOAT SÒDIC,
AMIFAMPRIDINA,
AMIFENAZOLE,
AMIFOSTINA,
AMIKACINA,
AMIKEL·LINA,
AMILMETACRESOL,
AMILÒMER,
AMILORIDA,
AMILOXAT,
AMINEPTINA,
AMINOACRIDINA,
AMINOFENAZONA,
AMINOFIL·LINA,
AMINOGLUTETIMIDA,
AMIODARONA,
AMISULPRIDA,
AMITIFADINA,
AMITRAZ,
AMITRIPTILINA,
AMLEXANOX,
AMLODIPINA,
AMOBARBITAL,
AMOCARZINA,
AMODIAQUINA,
AMOROLFINA,
AMOSULALOL,
AMOXAPINA,
AMOXICIL·LINA-CLAVULÀNIC,
AMOXICIL·LINA,
AMPICIL·LINA,
AMPIROXICAM,
AMPRENAVIR,
AMRINONA,
AMRUBICINA,
AMSACRINA,
AMTOLMETINA GUACIL,
ANAGRELIDA,
ANAKINRA,
ANASTROZOLE,
ANCESTIM,
ANCROD,
ANDEXANET ALFA,
ANDROSTANOLONA,
ANGIOTENSINAMIDA,
ANIDULAFUNGINA,
ANILERIDINA,
ANIRACETAM,
ANISINDIONA,
ANISTREPLASA,
ANTAZOLINA,
ANTITROMBINA III,
APAFANT,
APAFLURÀ,
APITOLISIB,
APIXABAN,
APOLAT DE SODI,
APOLAT SÒDIC,
APRACLONIDINA,
APREMILAST,
APREPITANT,
APRINDINA,
APROBARBITAL,
APROTININA,
APTIGANEL,
ARA C (ARABINÒSID CITOSINA),
ARANIDIPINA,
ARBEKACINA,
ARBUTAMINA,
ARCITUMOMAB,
ARDEPARINA SÒDICA,
ARGATROBAN,
ARGININA,
ARGIPRESSINA,
ARIPIPRAZOL,
ARIPIPRAZOLE,
ARMOLIPID PLUS (LLEVAT VERMELL),
ARMOLIPID PLUS,
AROTINOLOL,
ARTEMÈTER,
ARTEMISININA,
ARTEMOTIL,
ARTESUNAT,
ARTICAÏNA,
ASCORBAT DE SODI,
ASCORBAT SÒDIC,
ASENAPINA,
ASPARAGINASSA,
ASPARTAM,
ASPOXICIL·LINA,
ASTEMIZOLE,
ASTROMICINA,
ASUNAPREVIR,
ATALURÈN,
ATAZANAVIR,
ATENOLOL,
ATEVIRDINA,
ATEZOLIZUMAB,
ATIPAMEZOLE,
ATOMOXETINA,
ATOPAXAR,
ATORVASTATINA,
ATOSIBAN,
ATOVAQUONA,
ATRACURI,
AURANOFINA,
AUROTIOMALAT DE SODI,
AUROTIOMALAT SÒDIC,
AUROTIOSULFAT DE SODI,
AUROTIOSULFAT SÒDIC,
AVANAFIL,
AVATROMBOPAG,
AVELUMAB,
AVIPTADIL,
AVOBENZONA,
AVOPARCINA,
AXICABTAGEN CILOLEUCEL,
AXITINIB,
AZACITIDINA,
AZANIDAZOLE,
AZASETRÓ,
AZATADINA,
AZATIOPRINA,
AZELASTINA,
AZELNIDIPINA,
AZIDAMFENICOL,
AZIDOCIL·LINA,
AZIMILIDA,
AZINTAMIDA,
AZITROMICINA,
AZLOCIL·LINA,
AZOSEMIDA,
AZTREONAM,
BACAMPICIL·LINA,
BACITRACINA,
BACLOFÈN,
BALOFLOXACINA,
BALSALAZIDA,
BAMBUTEROL,
BAMETAN,
BAMIFIL·LINA,
BAMIPINA,
BAQUILOPRIM,
BARBEXACLONA,
BARBITAL,
BARICITINIB,
BARNIDIPINA,
BASILIXIMAB,
BATIMASTAT,
BATROXOBINA,
BAZEDOXIFÈ,
BECAPLERMINA,
BECLAMIDA,
BECLOMETASONA,
BEFLOXATONA,
BEFUNOLOL,
BEKANAMICINA,
BELATACEPT,
BELIMUMAB,
BELORANIB,
BEMEGRIDA,
BEMETIZIDA,
BEMIPARINA SÒDICA,
BENACTIZINA,
BENAZEPRIL,
BENCICLÀ,
BENDAMUSTINA,
BENDAZAC,
BENDAZOL,
BENDROFLUMETIAZIDA,
BENEXAT,
BENFLUOREX,
BENFOTIAMINA,
BENIDIPINA,
BENORILAT,
BENOXAPROFÈN,
BENPERIDOL,
BENPROPERINA,
BENRALIZUMAB,
BENSERAZIDA,
BENTAZEPAM,
BENTIROMIDA,
BENZATROPINA,
BENZBROMARONA,
BENZFETAMINA,
BENZIDAMINA,
BENZILPENICIL·LINA BENZATINA,
BENZILPENICIL·LINA,
BENZIODARONA,
BENZNIDAZOL,
BENZNIDAZOLE,
BENZOAT D'ESTRADIOL,
BENZOAT DE DENATONI,
BENZOBARBITAL,
BENZOCAÏNA,
BENZODIAZEPINA,
BENZONATAT,
BENZOXIQUINA,
BENZQUERCINA,
BENZTIAZIDA,
BEPIASTINA,
BEPRIDIL,
BERAPROST,
BESIFLOXACINA,
BESILAT D'ATRACURI,
BESILAT DE CISATRACURI,
BESILESOMAB,
BETA-HISTINA,
BETACAROTÈ,
BETADEX,
BETAHISTINA,
BETALACTÀMICS,
BETAMETASONA,
BETAMIPRÓ,
BETANIDINA,
BETAXOLOL,
BETRIXABAN,
BEVACIZUMAB,
BEVANTOLOL,
BEXAROTÈ,
BEZAFIBRAT,
BEZITRAMIDA,
BEZLOTOXUMAB,
BIAPENEM,
BIBROCATOL,
BICALUTAMIDA,
BICLOTIMOL,
BICTEGRAVIR,
BIFEMELÀ,
BIFONAZOLE,
BILASTINA,
BIMATOPROST,
BINIFIBRAT,
BIOTINA,
BIPERIDÈN,
BISACODIL,
BISANTRÈ,
BISBENTIAMINA,
BISCUMACETAT D'ETIL,
BISOPROLOL,
BISOXATINA,
BISULFIT SÒDIC DE MENADIONA,
BITARTRAT DE DETAJMI,
BITARTRAT DE PRAJMALI,
BITIONOL,
BITOLTEROL,
BIVALIRUDINA,
BLEOMICINA,
BLINATUMOMAB,
BLINATUMUMAB,
BOCEPREVIR,
BOPINDOLOL,
BORAT DE FENILMERCURI,
BORNAPRINA,
BORTEZOMIB,
BOSENTAN,
BOSUTINIB,
BRAL·LOBARBITAL,
BRENTUXIMAB VEDOTINA,
BREQUINAR,
BRIGATINIB,
BRIMONIDINA,
BRINZOLAMIDA,
BRIVARACETAM,
BRIVUDINA,
BRODALUMAB,
BRODIMOPRIM,
BROFAROMINA,
BROMAZEPAM,
BROMAZINA,
BROMELAÏNA,
BROMFENAC,
BROMFENIRAMINA,
BROMHEXINA,
BROMISOVAL,
BROMOCRIPTINA,
BROMOPRIDA,
BROMPERIDOL,
BROMUR D'ACLIDINI,
BROMUR D'AZAMETONI,
BROMUR D'IPRATROPI,
BROMUR D'OTILONI,
BROMUR D'OXIFENONI,
BROMUR D'OXITROPI,
BROMUR DE BIBENZONI,
BROMUR DE BUTROPI,
BROMUR DE CETRIMONI,
BROMUR DE CICLONI,
BROMUR DE CIMETROPI,
BROMUR DE CLIDINI,
BROMUR DE DEMECARI,
BROMUR DE DISTIGMINA,
BROMUR DE DODECLONI,
BROMUR DE FENPIVERINI,
BROMUR DE FENTONI,
BROMUR DE FLUTROPI,
BROMUR DE GLICOPIRRONI,
BROMUR DE MEPENZOLAT,
BROMUR DE METANTELINI,
BROMUR DE METILBENACTIZI,
BROMUR DE METILNALTREXONA,
BROMUR DE NEOSTIGMINA,
BROMUR DE PANCURONI,
BROMUR DE PARAPENZOLAT,
BROMUR DE PINAVERI,
BROMUR DE PIPECURONI,
BROMUR DE PIPENZOLAT,
BROMUR DE PIRIDOSTIGMINA,
BROMUR DE PRIFINI,
BROMUR DE RAPACURONI,
BROMUR DE ROCURONI,
BROMUR DE TIMEPIDI,
BROMUR DE TIOTROPI,
BROMUR DE TIQUIZI,
BROMUR DE TONZONI,
BROMUR DE VECURONI,
BROMUR DE XENITROPI,
BRONOPOL,
BROPARESTROL,
BROPIRIMINA,
BROTIZOLAM,
BROVANEXINA,
BROXIQUINOLINA,
BROXURIDINA,
BUCIL·LAMINA,
BUCINDOLOL,
BUCLADESINA,
BUCLIZINA,
BUCLOSAMIDA,
BUDESONIDA,
BUDIPINA,
BUFENIODE,
BUFEXAMAC,
BUFLOMEDIL,
BUFORMINA,
BUMETANIDA,
BUNAZOSINA,
BUNITROLOL,
BUPARLISIB,
BUPIVACAÏNA,
BUPRANOLOL,
BUPRENORFINA,
BUPROPIÓ,
BUROSUMAB,
BUSERELINA,
BUSPIRONA,
BUSULFAN,
BUTACAÏNA,
BUTALAMINA,
BUTALBITAL,
BUTAMIRAT,
BUTENAFINA,
BUTETAMAT,
BUTINOLINA,
BUTIZIDA,
BUTOCONAZOLE,
BUTORFANOL,
BUTRIPTILINA,
CABAZITAXEL,
CABERGOLINA,
CABOZANTINIB,
CADAZOLID,
CADRALAZINA,
CAFEDRINA,
CAFEINA,
CALCIFEDIOL,
CALCIPOTRIOL,
CALCITONINA,
CALCITRIOL,
CAMAZEPAM,
CAMILOFINA,
CAMOSTAT,
CANAGLIFLOZINA,
CANAGLIFOZINA,
CANAKINUMAB,
CANDESARTAN,
CANDICIDINA,
CANDOXATRIL,
CANGRELOR,
CANRENONA,
CAPECITABINA,
CAPLACIZUMAB,
CAPREOMICINA,
CAPROAT DE GESTONORONA,
CAPTODIAM,
CAPTOPRIL,
CARAMIFÈN,
CARAZOLOL,
CARBACOL,
CARBAMAZEPINA,
CARBASALAT CÀLCIC,
CARBAZOCROMA,
CARBENICIL·LINA,
CARBENOXOLONA,
CARBETOCINA,
CARBIDOPA,
CARBIMAZOL,
CARBIMAZOLE,
CARBIMIDA CÀLCICA,
CARBINOXAMINA,
CARBOCISTEÏNA,
CARBOCROMÈN,
CARBOPLATI,
CARBOPLATÍ,
CARBOPROST,
CARBOQUONA,
CARBROMAL,
CARBUTAMIDA,
CARFECIL·LINA,
CARFENTANIL,
CARFILZOMIB,
CARINDACIL·LINA,
CARISOPRODOL,
CARMEL·LOSA,
CARMOFUR,
CARMUSTINA,
CARNITINA,
CAROVERINA,
CARPERITIDA,
CARPIPRAMINA,
CARPROFÈN,
CARTEOLOL,
CARUMONAM,
CARVEDILOL,
CARZENIDA,
CASPOFUNGINA,
CATINA,
CATINONA,
CATRIDECACOG,
CATUMAXOMAB,
CEFACLOR,
CEFADROXIL,
CEFALEXINA,
CEFALONI,
CEFALORIDINA,
CEFALOSPORINA,
CEFALOTINA,
CEFAMANDOLE,
CEFAPIRINA,
CEFATRIZINA,
CEFAZOLINA,
CEFBUPERAZONA,
CEFCAPÈ,
CEFDINIR,
CEFDITORÈN,
CEFEPIMA,
CEFETAMET,
CEFIXIMA,
CEFLUPRENAM,
CEFMENOXIMA,
CEFMETAZOLE,
CEFMINOX,
CEFODIZIMA,
CEFONICID,
CEFOPERAZONA,
CEFORANIDA,
CEFOSELÍS,
CEFOTAXIMA,
CEFOTETAN,
CEFOTIAM,
CEFOXITINA,
CEFOZOPRAN,
CEFPIRAMIDA,
CEFPIROMA,
CEFPODOXIMA,
CEFPROZIL,
CEFQUINOMA,
CEFRADINA,
CEFSULODINA,
CEFTAROLINA,
CEFTAZIDIMA,
CEFTERAM,
CEFTEZOLE,
CEFTIBUTÈN,
CEFTIZOXIMA,
CEFTOBRIPOLE MEDOCARIL,
CEFTOLOZÀ-TAZOBACTAM,
CEFTRIAXONA,
CEFUROXIMA,
CELECOXIB,
CELIPROLOL,
CEL·LACEFAT,
CERDULATINIB,
CERITINIB,
CERIVASTATINA,
CERLIPONASA ALFA,
CERTOLIZUMAB PEGOL,
CERTOPARINA SÒDICA,
CERULETIDA,
CETIEDIL,
CETIRIZINA,
CETOMACROGOL 1.000,
CETRAXAT,
CETRIMIDA,
CETROMICINA,
CETRORELIX,
CETUXIMAB,
CEVIMELINA,
CIAMEMAZINA,
CIANOCOBALAMINA,
CIBENZOLINA,
CICLACIL·LINA,
CICLAMAT SÒDIC,
CICLANDELAT,
CICLESONIDA,
CICLETANINA,
CICLIOMENOL,
CICLIZINA,
CICLOBARBITAL,
CICLOBENZAPRINA,
CICLOBUTIROL,
CICLOFENIL,
CICLOFOSFAMIDA,
CICLOHEXIMIDA,
CICLOPENTIAZIDA,
CICLOPENTOLAT,
CICLOPIROX,
CICLOPROPÀ,
CICLOSERINA,
CICLOSILICAT DE SODI I ZIRCONI,
CICLOSPORINA,
CICLOTIAZIDA,
CICLOVALONA,
CICOTIAMINA,
CIDOFOVIR,
CILANSETRÓ,
CILASTATINA,
CILAZAPRIL,
CILNIDIPINA,
CILOSTAZOL,
CIMETIDINA,
CINACALCET,
CINCOCAÏNA,
CINEPAZET,
CINITAPRIDA,
CINNAMEDRINA,
CINNARIZINA,
CINOLAZEPAM,
CINOXACINA,
CINOXAT,
CIPRASIDONA,
CIPROCINONIDA,
CIPROFIBRAT,
CIPROFLOXACINA,
CIPROHEPTADINA,
CIPROTERONA,
CIRAPARANTAG,
CISAPRIDA,
CISPLATI,
CISPLATÍ,
CISTEÏNA,
CISTINA,
CITALOPRAM,
CITARABINA LIPOSOMAL,
CITARABINA,
CITICOLINA,
CITIOLONA,
CLADRIBINA,
CLARITROMICINA,
CLAZAKIZUMAB,
CLEBOPRIDA,
CLEFAMIDA,
CLEMASTINA,
CLEMIZOLE,
CLENBUTEROL,
CLEVIDIPINA,
CLIMBAZOLE,
CLINAFLOXACINA,
CLINDAMICINA,
CLINOFIBRAT,
CLIOQUINOL,
CLOBAZAM,
CLOBENZOREX,
CLOBETASOL PROPIONAT,
CLOBETASOL,
CLOBETASONA,
CLOBUTINOL,
CLOCAPRAMINA,
CLOCINIZINA,
CLOCORTOLONA,
CLODANTOÏNA,
CLOFARABINA,
CLOFAZIMINA,
CLOFEDANOL,
CLOFENOTÀ,
CLOFENÒXID,
CLOFENVINFÓS,
CLOFEXAMIDA,
CLOFEZONA,
CLOFIBRAT D'ALUMINI,
CLOFIBRAT DE CALCI,
CLOFIBRAT,
CLOFOCTOL,
CLOMETIAZOLE,
CLOMETOCIL·LINA,
CLOMIFÈ,
CLOMIPRAMINA,
CLONAZEPAM,
CLONAZOLINA,
CLONIDINA,
CLONIXINA,
CLOPAMIDA,
CLOPERASTINA,
CLOPIDOGREL,
CLOPONONA,
CLOPREDNOL,
CLOPROSTENOL,
CLORAL BETAÏNA,
CLORALOSA,
CLORAMBUCIL,
CLORAMFENICOL,
CLORAZEPAT DIPOTÀSSIC,
CLORCICLIZINA,
CLORDIAZEPÒXID,
CLORFENAMINA,
CLORFENESINA,
CLORFENOXAMINA,
CLORHEXIDINA,
CLORICROMÈN,
CLORIDAROL,
CLORMADINONA,
CLORMETIAZOL,
CLORMETINA,
CLORMEZANONA,
CLORMIDAZOLE,
CLOROBUTANOL,
CLOROCRESOL,
CLOROPIRAMINA,
CLOROPROCAÏNA,
CLOROQUINA,
CLOROTIAZIDA,
CLOROTRIANISÈ,
CLOROXILENOL,
CLORPROETAZINA,
CLORPROGUANIL,
CLORPROMAZINA,
CLORPROPAMIDA,
CLORPROTIXÈ,
CLORQUINALDOL,
CLORTALIDONA,
CLORTETRACICLINA,
CLORUR D'ACETILCOLINA,
CLORUR D'ACRIFLAVINI,
CLORUR D'ALCURONI,
CLORUR D'AMBENONI,
CLORUR D'EDROFONI,
CLORUR D'OCTAFONI,
CLORUR DE BENZALCONI,
CLORUR DE BENZETONI,
CLORUR DE BENZODODECINI,
CLORUR DE BENZOXONI,
CLORUR DE CETALCONI,
CLORUR DE CETILPIRIDINI,
CLORUR DE COLINA,
CLORUR DE DEQUALINI,
CLORUR DE DOXACURI,
CLORUR DE METALCONI,
CLORUR DE METILBENZETONI,
CLORUR DE METILROSANILINI,
CLORUR DE METILTIONINI,
CLORUR DE MIRIPIRI,
CLORUR DE MIRISTALCONI,
CLORUR DE MIVACURI,
CLORUR DE SUXAMETONI,
CLORUR DE TOLONI,
CLORUR DE TROSPI,
CLORUR MÒRFIC,
CLORZOXAZONA,
CLOSANTEL,
CLOSTEBOL,
CLOTIAPINA,
CLOTIAZEPAM,
CLOTRIMAZOLE,
CLOXACIL·LINA,
CLOXAZOLAM,
CLOXIQUINA,
CLOZAPINA,
COBAMAMIDA,
COBICISTAT,
COBIMETINIB,
COCAINA,
COCARBOXILASA,
CODEINA,
COLECALCIFEROL,
COLESEVELAM,
COLESTILAN,
COLESTIPOL,
COLESTIRAMINA,
COLEXTRAN,
COLFORSINA,
COLISTIMETAT DE SODI,
COLISTINA,
COLQUICINA,
CONESTAT ALFA,
CONTRAST IODAT,
CONTRAST TECNECI 99,
CONTRAST,
COPANLISIB,
CORBADRINA,
CORIFOL·LITROPINA ALFA,
CORIOGONADOTROPINA ALFA,
CORTICOIDES,
CORTICORELINA,
CORTICOTROPINA,
CORTISONA,
CORTIVAZOL,
COTRIMAZOLE,
COTRIMOXAZOL,
CREATINOLFOSFAT,
CRILANÒMER,
CRIOFLUORÀ,
CRISABOROLE,
CRISNATOL,
CRIZOTINIB,
CROCONAZOLE,
CROMAKALIM,
CROMOCARB,
CROMOGLICAT SÒDIC,
CROSPOVIDONA,
CROTAMITÓ,
D PENIZILAMINA,
DABIGATRAN ETEXILAT,
DABIGATRAN,
DABRAFENIB,
DABRAFENID,
DACARBAZINA,
DACLATASVIR,
DACLIZUMAB,
DACTINOMICINA,
DALANTERCEPT,
DALBAVANCINA,
DALCETRAPIB,
DALFOPRISTINA,
DALTEPARINA,
DANAPAROIDE SÒDIC,
DANAZOL,
DANTRÓ,
DANTROLÈ,
DAPAGLIFLOZINA,
DAPIPRAZOLE,
DAPOXETINA,
DAPSONA,
DAPTOMICINA,
DARATUMUMAB,
DARBEPOETINA ALFA,
DARIFENACINA,
DARUNAVIR - COBICISTAT,
DARUNAVIR,
DARVADSTROCEL,
DASABUVIR,
DASATINIB,
DAUNORUBICINA,
DEBRISOQUINA,
DECITABINA,
DECTAFLUR,
DEFERASIROX,
DEFERIPRONA,
DEFIBROTIDA,
DEFLAZACORT,
DEGARELIX,
DELAFLOXACINA,
DELAMANID,
DELAPRIL,
DELAVIRDINA,
DELEOBUVIR,
DELMADINONA,
DELORAZEPAM,
DEMECLOCICLINA,
DEMEGESTONA,
DEMOXITOCINA,
DENILEUKINA DIFTITOX,
DENOPAMINA,
DENOSUMAB,
DEPATUXIZUMAB,
DEPREOTIDA,
DEPRODONA,
DEPTROPINA,
DESERPIDINA,
DESFLURÀ,
DESHIDROEMETINA,
DESIPRAMINA,
DESIRUDINA,
DESLANÒSID,
DESLORATADINA,
DESLORELINA,
DESMOPRESSINA,
DESOGESTREL,
DESONIDA,
DESOXICORTONA,
DESOXIMETASONA,
DESVENLAFAXINA,
DETOMIDINA,
DEXAMETASONA,
DEXAMFETAMINA,
DEXBROMFENIRAMINA,
DEXCLORFENIRAMINA,
DEXETIMIDA,
DEXFENFLURAMINA,
DEXIBUPROFÈN,
DEXKETOPROFÈN TROMETAMOL,
DEXMEDETOMIDINA,
DEXMETILFENIDAT,
DEXPANTENOL,
DEXRAZOXÀ,
DEXTRAN,
DEXTRANÒMER,
DEXTRIFERRÓ,
DEXTROMETORFAN,
DEXTROMORAMIDA,
DEXTROPROPOXIFÈ,
DEXTRORFAN,
DEXTROTIROXINA SÒDICA,
DEZOCINA,
DIACEREÏNA,
DIAZEPAM,
DIAZIQUONA,
DIAZÒXID,
DIBEKACINA,
DIBENZEPINA,
DIBOTERMINA ALFA,
DIBROMPROPAMIDINA,
DIBROMSALAN,
DIBUNAT SÒDIC,
DICICLOVERINA,
DICLAZURIL,
DICLOFENAC,
DICLOFENAMIDA,
DICLONINA,
DICLORISONA,
DICLOROFÈN,
DICLOROXILENOL,
DICLORVÓS,
DICLOXACIL·LINA,
DICUMAROL,
DIDANOSINA,
DIDROGESTERONA,
DIDROVALTRAT,
DIELDRINA,
DIENESTROL,
DIENOGEST,
DIETAZINA,
DIETILESTILBESTROL,
DIETILTOLUAMIDA,
DIFEBARBAMAT,
DIFEMERINA,
DIFENADIONA,
DIFENHIDRAMINA,
DIFENIDOL,
DIFENILPIRALINA,
DIFENOXILAT,
DIFENOXINA,
DIFLORASONA,
DIFLOXACINA,
DIFLUCORTOLONA,
DIFLUNISAL,
DIFLUPREDNAT,
DIGITOXINA,
DIGOXINA,
DIHEXIVERINA,
DIHIDRALAZINA,
DIHIDROCODEÏNA,
DIHIDROERGOTAMINA,
DIHIDROESTREPTOMICINA,
DIHIDROTAQUISTEROL,
DIIODOHIDROXIQUINOLINA,
DIISOPROMINA,
DILAZEP,
DILOXANIDA,
DILTIAZEM,
DIMEMORFAN,
DIMENHIDRINAT,
DIMERCAPROL,
DIMETICONA,
DIMETILFUMARAT,
DIMETINDÈ,
DIMETOFRINA,
DIMETOTIAZINA,
DIMETOXANAT,
DIMEVAMIDA,
DIMPILAT,
DINITRAT D'ISOSORBIDA,
DINOPROST,
DINOPROSTONA,
DINUTUXIMAB,
DIOLAMINA,
DIOSMINA,
DIOXATIÓ,
DIOXETEDRINA,
DIOXIBENZONA,
DIPERODÓ,
DIPIPANONA,
DIPIRIDAMOLE,
DIPIRITIONA,
DIPIVEFRINA,
DIPROFIL·LINA,
DIPROQUALONA,
DIRITROMICINA,
DISOPIRAMIDA,
DISULFIRAM,
DITAZOLE,
DITIOCARB SÒDIC,
DIXANTOGEN,
DIZOCILPINA,
DOBESILAT DE CALCI,
DOBUTAMINA,
DOCARPAMINA,
DOCETAXEL,
DOCUSAT SÒDIC,
DOFETILIDA,
DOLASETRÓ,
DOLUTEGRAVIR,
DOLUTEGRAVIR/ABACAVIR/LAMIVUDINA,
DOMIODOL,
DOMPERIDONA,
DONEPEZIL,
DOPAMINA,
DOPEXAMINA,
DORAVIRINA,
DORIPENEM,
DORNASA ALFA,
DORZOLAMIDA,
DOSMALFAT,
DOSULEPINA,
DOVITINIB,
DOXAPRAM,
DOXAZOSINA,
DOXEPINA,
DOXERCALCIFEROL,
DOXICICLINA,
DOXIFLURIDINA,
DOXILAMINA,
DOXOFIL·LINA,
DOXORUBICINA,
DRISAPERSÈN,
DROFENINA,
DROLOXIFÈ,
DRONABINOL,
DRONEDARONA,
DROPERIDOL,
DROPROPIZINA,
DROSPIRENONA,
DROTAVERINA,
DROTRECOGINA ALFA,
DROXICAM,
DROXIDOPA,
DULAGLUTIDA,
DULOXETINA,
DUPILUMAB,
DURVALUMAB,
DUTASTERIDA,
DUTEPLASA,
EBASTINA,
EBERCONAZOLE,
EBROTIDINA,
EBSELÈN,
ECABET,
ECAL·LANTIDA,
ECAMSUL,
ECONAZOLE,
ECULIZUMAB,
EDARAVONA,
EDATREXAT,
EDETAT DE DICOBALT,
EDETAT SÒDIC I CALCI,
EDODEKINA ALFA,
EDOXABAN,
EDOXUDINA,
EDRECOLOMAB,
EFALIZUMAB,
EFAVIRENZ,
EFLORNITINA,
EFMOROCTOCOG ALFA,
EFONIDIPINA,
EFUNGUMAB,
ELAGOLIX,
ELBASVIR,
ELCATONINA,
ELEDOÏSINA,
ELETRIPTAN,
ELIGLUSTAT,
ELOBIXIBAT,
ELOTUZUMAB,
ELSILIMOMAB,
ELTROMBOPAG,
ELUXADOLINA,
ELVITEGRAVIR,
EMBRAMINA,
EMEDASTINA,
EMIBETUZUMAB,
EMICIZUMAB,
EMIXUSTAT,
EMPAGLIFLOZINA,
EMTRICITABINA,
ENALAPRIL,
ENASIDENIB,
ENCAÏNIDA,
ENDRALAZINA,
ENFLURÀ,
ENFUVIRTIDA,
ENILCONAZOLE,
ENILURACIL,
ENOCITABINA,
ENOXACINA,
ENOXAPARINA,
ENOXIMONA,
ENOXOLONA,
ENROFLOXACINA,
ENSULIZOLE,
ENTACAPONA,
ENTECAVIR,
ENTSUFÓ,
ENZACAMÈ,
ENZALUTAMIDA,
EPALRESTAT,
EPERISONA,
EPINASTINA,
EPINEFRINA,
EPIRIZOLE,
EPIRUBICINA,
EPITIZIDA,
EPLERENONA,
EPOETINA ALFA,
EPOETINA BETA,
EPOETINA DELTA,
EPOETINA GAMMA,
EPOETINA OMEGA,
EPOETINA THETA,
EPOPROSTENOL,
EPOSTÀ,
EPRATUZUMAB,
EPRAZINONA,
EPROSARTAN,
EPROZINOL,
EPTACOG ALFA,
EPTASTIGMINA,
EPTIFIBATIDA,
EPTOTERMINA ALFA,
ERAVACICLINA,
ERDOSTEÏNA,
ERENUMAB,
ERGOCALCIFEROL,
ERGOMETRINA,
ERIBULINA,
ERITROMICINA,
ERLOTINIB,
ERTAPENEM,
ESCITALOPRAM,
ESERIDINA,
ESLICARBAZEPINA,
ESMOLOL,
ESOMEPRAZOLE,
ESPARFLOXACINA,
ESPARTEÏNA,
ESPECTINOMICINA,
ESPIRAMICINA,
ESPIRAPRIL,
ESPIRONOLACTONA,
ESTANOZOLOL,
ESTAVUDINA,
ESTAZOLAM,
ESTEARAT DE SORBITAN,
ESTEFIMICINA,
ESTEPRONINA,
ESTIBOCAPTAT SÒDIC,
ESTIBOGLUCONAT SÒDIC,
ESTIRIPENTOL,
ESTRADIOL,
ESTRAMUSTINA,
ESTRAPRONICAT,
ESTREPTOCINASA,
ESTREPTODORNASA,
ESTREPTOMICINA,
ESTREPTOZOCINA,
ESTRONA,
ETACRIDINA,
ETAFEDRINA,
ETAFENONA,
ETAMBUTOL,
ETAMIFIL·LINA,
ETAMIVAN,
ETAMSILAT,
ETANERCEPT,
ETANIDAZOLE,
ETAVERINA,
ETCLORVINOL,
ETELCALCETIDA,
ETENZAMIDA,
ETEPLIRSÈN,
ETIDOCAÏNA,
ETIFOXINA,
ETILAMFETAMINA,
ETILCEL·LULOSA,
ETILEFRINA,
ETILESTRENOL,
ETILSULFAT DE MECETRONI,
ETINILESTRADIOL,
ETINODIOL,
ETIONAMIDA,
ETIZOLAM,
ETODOLAC,
ETOFAMIDA,
ETOFENAMAT,
ETOFENPROX,
ETOFIBRAT,
ETOFIL·LINA,
ETOHEPTAZINA,
ETOMIDAT,
ETONOGESTREL,
ETOPERIDONA,
ETOPÒSID,
ETORICOXIB,
ETOSUXIMIDA,
ETOTOÏNA,
ETOXAZORUTÒSID,
ETOZOLINA,
ETRAVIRINA,
ETRETINAT,
ETROLIZUMAB,
EUCATROPINA,
EVERÒLIMUS,
EVOLOCUMAB,
EXEMESTÀ,
EXENATIDA,
EXISULIND,
EZETIMIBA,
FADROZOLE,
FALECALCITRIOL,
FAMCICLOVIR,
FAMOTIDINA,
FAMPRIDINA,
FAMPROFAZONA,
FAROPENEM,
FASUDIL,
FAVIPIRAVIR,
FEBARBAMAT,
FEBUPROL,
FEBUXOSTAT,
FEDOTOZINA,
FEDRILAT,
FELBAMAT,
FELBINAC,
FELIPRESSINA,
FELODIPINA,
FENACEMIDA,
FENACETINA,
FENAZOCINA,
FENAZONA,
FENAZOPIRIDINA,
FENBUFÈN,
FENCAMFAMINA,
FENCIBUTIROL,
FENCICLIDINA,
FENCLONINA,
FENDILINA,
FENDIMETRAZINA,
FENELZINA,
FENETICIL·LINA,
FENETIL·LINA,
FENETURIDA,
FENFLURAMINA,
FENFORMINA,
FENICARBAZIDA,
FENILALANINA,
FENILBUTAZONA,
FENILEFRINA,
FENILPROPANOLAMINA,
FENILTOLOXAMINA,
FENINDAMINA,
FENINDIONA,
FENIPENTOL,
FENIRAMINA,
FENITOÏNA,
FENMETRAZINA,
FENOBARBITAL,
FENOFIBRAT,
FENOLDOPAM,
FENOLFTALEÏNA,
FENOPERIDINA,
FENOPROFÈN,
FENOTEROL,
FENOTRINA,
FENOVERINA,
FENOXAZOLINA,
FENOXIBENZAMINA,
FENOXIMETILPENICIL·LINA,
FENPIPRAMIDA,
FENPROBAMAT,
FENPROCUMÓ,
FENPROPOREX,
FENQUIZONA,
FENRETINIDA,
FENSPIRIDA,
FENSUXIMIDA,
FENTANIL,
FENTERMINA,
FENTIAZAC,
FENTICLOR,
FENTICONAZOLE,
FENTOLAMINA,
FEPRADINOL,
FEPRAZONA,
FEREDETAT SÒDIC,
FERROCOLINAT,
FESOTERODINA,
FEXOFENADINA,
FIDAXOMICINA,
FILGOTINIB,
FILGRASTIM,
FINASTERIDA,
FINERENONA,
FINGOLIMOD,
FITOMENADIONA,
FLAVOXAT,
FLECAÏNIDA,
FLEROXACINA,
FLIBANSERINA,
FLINDOKALNER,
FLOCTAFENINA,
FLOMOXEF,
FLOPROPIONA,
FLORBETAPIR,
FLOSEQUINAN,
FLOXURIDINA,
FLUANISONA,
FLUCICLOVINA,
FLUCITOSINA,
FLUCLOXACIL·LINA,
FLUCOMAZOL,
FLUCONAZOLE,
FLUDARABINA,
FLUDIAZEPAM,
FLUDROCORTISONA,
FLUDROXICORTIDA,
FLUFENAZINA,
FLUINDIONA,
FLUMAZENIL,
FLUMEQUINA,
FLUMETASONA,
FLUNARIZINA,
FLUNISOLIDA,
FLUNITRAZEPAM,
FLUNIXINA,
FLUNOXAPROFÈN,
FLUOCINONIDA,
FLUOCORTINA,
FLUOCORTOLONA,
FLUOROMETOLONA,
FLUOROURACIL,
FLUOXETINA,
FLUOXIMESTERONA,
FLUPENTIXOL,
FLUPIRTINA,
FLUPREDNIDÈ,
FLUPREDNISOLONA,
FLURAZEPAM,
FLURBIPROFÈN,
FLURITROMICINA,
FLUSPIRILÈ,
FLUTAMIDA,
FLUTICASONA,
FLUTRIMAZOLE,
FLUVASTATINA,
FLUVOXAMINA,
FOLCODINA,
FOLEDRINA,
FOLINAT DE CALCI,
FOL·LITROPINA ALFA,
FOL·LITROPINA BETA,
FOMEPIZOLE,
FOMINOBÈN,
FOMIVIRSÈN,
FOMOCAÏNA,
FONDAPARINUX,
FORMEBOLONA,
FORMESTÀ,
FORMOCORTAL,
FORMOTEROL,
FOSAMPRENAVIR,
FOSAPREPITANT,
FOSCARNET,
FOSFAT D'ADENOSINA,
FOSFAT DE SITAGLIPTINA,
FOSFENITOÏNA,
FOSFESTROL,
FOSFOCREATININA,
FOSFOMICINA,
FOSFOSAL,
FOSINOPRIL,
FOSPROPOFOL,
FOTEMUSTINA,
FRAMICETINA,
FRAXIPARINA,
FROVATRIPTAN,
FTALILSULFATIAZOLE,
FTALOFINA,
FTIVAZIDA,
FUDOSTEÏNA,
FULVESTRANT,
FURAZOLIDONA,
FUROSEMIDA,
FURSULTIAMINA,
FUSAFUNGINA,
FUSIDAT DE SODI,
FUSIDAT SÒDIC,
GABAPENTINA,
GABEXAT,
GADOBUTROL,
GADODIAMIDA,
GADOFOSVESET,
GADOTERIDOL,
GADOVERSETAMIDA,
GALANTAMINA,
GALCANEZUMAB,
GAL·LOPAMIL,
GALSULFASA,
GALUNISERTIB,
GANCICLOVIR,
GANIRELIX,
GATIFLOXACINA,
GAVESTINEL,
GAVILIMOMAB,
GAXILOSA,
GEFARNAT,
GEFITINIB,
GEMCITABINA,
GEMEPROST,
GEMFIBROZIL,
GEMIFLOXACINA,
GEMTUZUMAB OZOGAMICINA,
GEMTUZUMAB,
GENTAMICINA,
GENTISAT SÒDIC,
GEPEFRINA,
GEPIRONA,
GESTODÈ,
GESTRINONA,
GLAFENINA,
GLECAPREVIR,
GLIBENCLAMIDA,
GLIBORNURIDA,
GLIBUZOLE,
GLICAZIDA,
GLICEROL,
GLICICLAMIDA,
GLICINA,
GLICLAZIDA,
GLICLOPIRAMIDA,
GLIMEPIRIDA,
GLIPIRIDA,
GLIPIZIDA,
GLIQUIDONA,
GLISENTIDA,
GLISOLAMIDA,
GLISOXEPIDA,
GLUBIONAT DE CALCI,
GLUCAGÓ,
GLUCAMETACINA,
GLUCOSAMINA,
GLUTAMINA,
GLUTARAL,
GLUTETIMIDA,
GOLIMUMAB,
GONADORELINA,
GONADOTROFINA CORIÒNICA,
GOSERELINA,
GRAMICIDINA,
GRANISETRÓ,
GRAZOPREVIR,
GREPAFLOXACINA,
GRISEOFULVINA,
GUABENXAN,
GUACETISAL,
GUAIETOLINA,
GUAIFENESINA,
GUAIMESAL,
GUANADREL,
GUANETIDINA,
GUANFACINA,
GUANOXAN,
GUSELKUMAB,
GUSPERIMÚS,
HALAZEPAM,
HALAZONA,
HALCINONIDA,
HALOFANTRINA,
HALOFUGINONA,
HALOMETASONA,
HALOPERIDOL,
HALOPROGINA,
HALOTÀ,
HALOXAZOLAM,
HALOXÓ,
HEMOGLOBINA GLUTÀMER,
HEPARINA SÒDICA,
HEPTAMINOL,
HEROINA,
HETAFLUR,
HEXACLOROFÈ,
HEXAMIDINA,
HEXESTROL,
HEXETIDINA,
HEXOBARBITAL,
HEXOBENDINA,
HEXOPRENALINA,
HIALURONIDASA,
HICANTONA,
HIDRALAZINA,
HIDRARGAFÈN,
HIDROCLOROTIAZIDA,
HIDROCODONA,
HIDROCORTAMAT,
HIDROCORTISONA,
HIDROFLUMETIAZIDA,
HIDROMORFONA,
HIDROTALCITA,
HIDROXIAMFETAMINA,
HIDROXICARBAMIDA,
HIDROXICLOROQUINA,
HIDROXINAFTOAT DE BEFENI,
HIDROXIPROGESTERONA,
HIDROXIUREA,
HIDROXIZINA,
HIDROXOCOBALAMINA,
HIETEL·LOSA,
HIMECROMONA,
HIMETEL·LOSA,
HIPROLOSA,
HIPROMEL·LOSA,
HISTIDINA,
HISTRELINA,
HOMOFENAZINA,
HOMOSALAT,
HORMONA PARATIROÏDAL,
IBACITABINA,
IBANDRONAT SÒDIC,
IBOPAMINA,
IBRITUMOMAB TIUXETAN,
IBRUTINIB,
IBUDILAST,
IBUPROFÈN,
IBUPROXAM,
IBUTILIDA,
ICATIBANT,
ICODEXTRINA,
IDARUBICINA,
IDARUCIZUMAB,
IDAZOXAN,
IDEBENONA,
IDELALISIB,
IDOXURIDINA,
IDROCILAMIDA,
IDURSULFASA,
IFENPRODIL,
IFOSFAMIDA,
ILODECAKINA,
ILONIDAP,
ILOPROST,
IMATINIB,
IMETELSTAT,
IMIDAPRIL,
IMIDOCARB,
IMIGLUCERASA,
IMIPENEM,
IMIPRAMINA,
IMIQUIMOD,
IMMUNOGLOBULINA HUMANA,
IMMUNOGLOBULINA,
INDACATEROL,
INDANAZOLINA,
INDAPAMIDA,
INDELOXAZINA,
INDENOLOL,
INDINAVIR,
INDOBUFÈN,
INDOMETACINA,
INDORAMINA,
INFLIXIMAB,
INOLIMOMAB,
INOSINA,
INOTERSÈN,
INOTUZUMAB OZOGAMICINA,
INSULINA ASPART,
INSULINA DETEMIR,
INSULINA GLARGINA,
INSULINA GLULISINA,
INSULINA HUMANA RAPIDA,
INSULINA HUMANA,
INSULINA HUMULINA REGULAR,
INSULINA LISPRO,
INSULINA,
INTERFERÓ ALFA PEG,
INTERFERÓ ALFA,
INTERFERÓ BETA,
INTERFERÓ GAMMA,
INTERFERÓ,
IOBITRIDOL,
IODAMIDA,
IODIXANOL,
IODUR D'ECOTIOPAT,
IODUR DE METOCINI,
IODUR DE PRALIDOXIMA,
IODUR DE PROLONI,
IODUR DE TIBEZONI,
IODUR DE TIEMONI,
IOFENDILAT,
IOHEXOL,
IOMEPROL,
IOPAMIDOL,
IOPENTOL,
IOPODAT SÒDIC,
IOPROMIDA,
IOTALAMAT SÒDIC,
IOTASUL,
IOTROLAN,
IOVERSOL,
IOXILAN,
IPILIMUMAB,
IPRAZOCROMA,
IPRIFLAVONA,
IPRONIAZIDA,
IPSAPIRONA,
IRBESARTAN,
IRINOTECAN,
IRSOGLADINA,
ISAVUCONAZOLE,
ISEPAMICINA,
ISOAMINIL,
ISOBROMINDIONA,
ISOCARBOXAZIDA,
ISOCONAZOLE,
ISOETARINA,
ISOFLUPREDONA,
ISOFLURÀ,
ISOLEUCINA,
ISOMETEPTÈ,
ISONIAZIDA,
ISONIXINA,
ISOPRENALINA,
ISOPROTENEROL,
ISOSORBIDA,
ISOTIPENDIL,
ISOTRETINOÏNA,
ISOXSUPRINA,
ISRADIPINA,
ITOPRIDA,
ITRACONAZOL,
ITRACONAZOLE,
IVABRADINA,
IVACAFTOR,
IVERMECTINA,
IXAZOMIB,
IXEKIZUMAB,
JOSAMICINA,
KANAMICINA,
KEBUZONA,
KEL·LINA,
KERACIANINA,
KETAMINA,
KETANSERINA,
KETAZOLAM,
KETOCAÏNA,
KETOCONAZOLE,
KETOPROFÈN,
KETOROLAC,
KETOTIFÈN,
KITASAMICINA,
L ASPARAGINASA PEG,
LABETALOL,
LACIDIPINA,
LACOSAMIDA,
LACTITOL,
LACTULOSA,
LAFUTIDINA,
LAMIFIBAN,
LAMIVUDINA,
LAMOTRIGINA,
LANADELUMAB,
LANATÒSID C,
LANDIOLOL,
LANOCONAZOLE,
LANOTEPLASA,
LANREOTIDA,
LANSOPRAZOLE,
LAPATINIB,
LARONIDASA,
LAROPIPRANT,
LASALÒCID,
LASMIDITAN,
LASOFOXIFÈ,
LATAMOXEF,
LATANOPROST,
LAURAT DE SORBITAN,
LAURILSULFAT SÒDIC,
LAUROCAPRAM,
LAUROMACROGOL,
LAZABEMIDA,
LEBRIKIZUMAB,
LEFAMULINA,
LEFETAMINA,
LEFLUNOMIDA,
LENALIDOMIDA,
LENOGRASTIM,
LENVATINIB,
LEPIRUDINA,
LERCANIDIPINA,
LERDELIMUMAB,
LETERMOVIR,
LETOSTEÏNA,
LETRAZURIL,
LETROZOLE,
LEUCINA,
LEUCOCIANIDOL,
LEUPRORELINA,
LEVACETILMETADOL,
LEVAMFETAMINA,
LEVAMISOLE,
LEVETIRACETAM,
LEVOBETAXOLOL,
LEVOBUNOLOL,
LEVOBUPIVACAÏNA,
LEVOCABASTINA,
LEVOCARNITINA,
LEVOCETIRIZINA,
LEVODOPA,
LEVODROPROPIZINA,
LEVOFLOXACINA,
LEVOFOLINAT DE CALCI,
LEVOMENOL,
LEVOMEPROMAZINA,
LEVOMETADONA,
LEVOMILNACIPRAN,
LEVONORGESTREL,
LEVOPROPOXIFÈ,
LEVORFANOL,
LEVOSALBUTAMOL,
LEVOSIMENDAN,
LEVOSULPIRIDA,
LEVOTIROXINA SÒDICA,
LEXIPAFANT,
LIDAMIDINA,
LIDOCAÏNA,
LIDOFLAZINA,
LIFIBROL,
LIMAPROST,
LIMECICLINA,
LINACLOTIDA,
LINAGLIPTINA,
LINCOMICINA,
LINDÀ,
LINESTRENOL,
LINEZOLID,
LINSIDOMINA,
LIOTIRONINA,
LIPRESSINA,
LIRAGLUTIDA,
LISADIMAT,
LISDEXAMFETAMINA,
LISINA,
LISINOPRIL,
LISURIDA,
LITI,
LIXISENATIDA,
LOBAPLATÍ,
LOBELINA,
LOBENZARIT,
LOBUCAVIR,
LODOXAMIDA,
LOFEPRAMINA,
LOFEXIDINA,
LOFLAZEPAT D'ETIL,
LOMEFLOXACINA,
LOMUSTINA,
LONAZOLAC,
LONIDAMINA,
LOPERAMIDA,
LOPINAVIR,
LOPRAZOLAM,
LORACARBEF,
LORATADINA,
LORAZEPAM,
LORCAÏNIDA,
LORMETAZEPAM,
LORNOXICAM,
LOSARTAN,
LOSIGAMONA,
LOTEPREDNOL,
LOVASTATINA,
LOXAPINA,
LOXIGLUMIDA,
LOXOPROFÈN,
LUBELUZOLE,
LUMEFANTRINA,
LUMIRACOXIB,
LUPROSTIOL,
LUSEOGLIFLOZINA,
LUTROPINA ALFA,
MACITENTAN,
MACROGOL,
MADURAMICINA,
MAFENIDA,
MAFOSFAMIDA,
MAGALDRAT,
MALOTILAT,
MANGAFODIPIR,
MANIDIPINA,
MAPROTILINA,
MARAVIROC,
MARIBAVIR,
MARIMASTAT,
MASOPROCOL,
MAVRILIMUMAB,
MAZATICOL,
MAZINDOL,
MAZIPREDONA,
MEBENDAZOLE,
MEBEVERINA,
MEBHIDROLINA,
MEBUTAMAT,
MEBUTAT D'INGENOL,
MEBUTIZIDA,
MECAMILAMINA,
MECASERMINA,
MECIL·LINAM,
MECISTEÏNA,
MECLOCICLINA,
MECLOFENOXAT,
MECLOXAMINA,
MECLOZINA,
MEDAZEPAM,
MEDETOMIDINA,
MEDRISONA,
MEDROGESTONA,
MEDROXIPROGESTERONA,
MEFENESINA,
MEFENITOÏNA,
MEFENOREX,
MEFENOXALONA,
MEFENTERMINA,
MEFLOQUINA,
MEFRUSIDA,
MEGESTROL,
MEGLUMINA,
MEGLUTOL,
MELAGATRAN,
MELARSOPROL,
MELDONI,
MELFALAN,
MELITRACÈN,
MELOXICAM,
MELPERONA,
MEMANTINA,
MENBUTONA,
MENFEGOL,
MENGLITAT,
MEPACRINA,
MEPARTRICINA,
MEPESUCCINAT D'OMACETAXINA,
MEPINDOLOL,
MEPIRAMINA,
MEPITIOSTÀ,
MEPIVACAÏNA,
MEPOLIZUMAB,
MEPREDNISONA,
MEPROBAMAT,
MEPTAZINOL,
MEQUINOL,
MEQUITAZINA,
MERBROMINA,
MERCAPTAMINA,
MERCAPTOPURINA,
MERCUROBUTOL,
MEROPENEM,
MESALAZINA,
MESILAT D'AMIDEFRINA,
MESNA,
MESOCARB,
MESORIDAZINA,
MESTEROLONA,
MESTRANOL,
MESUXIMIDA,
METABROMSALAN,
METACOLINA,
METADONA,
METAL·LIBURA,
METAMFEPRAMONA,
METAMFETAMINA,
METAMIZOLE,
METAMPICIL·LINA,
METANIAZIDA,
METAQUALONA,
METARAMINOL,
METAXALONA,
METAZOLAMIDA,
METDILAZINA,
METENAMINA,
METENEPROST,
METENOLONA,
METERGOLINA,
METESCULETOL,
METFORMINA,
METICIL·LINA,
METICLOTIAZIDA,
METICRÀ,
METILCEL·LULOSA,
METILDIGOXINA,
METILDOPA,
METILERGOMETRINA,
METILFENIDAT,
METILFENOBARBITAL,
METILPENTINOL,
METILPREDNISOLONA,
METILSULFAT D'AMEZINI,
METILSULFAT DE TOLOCONI,
METILTESTOSTERONA,
METILTIURACIL,
METIMAZOL,
METIODUR DE BUZEPIDA,
METIONINA,
METIPRANOLOL,
METIRAPONA,
METIROSINA,
METISERGIDA,
METIXÈ,
METIZOLINA,
METOCALCONA,
METOCARBAMOL,
METOCLOPRAMIDA,
METOHEXITAL,
METOLAZONA,
METOPIMAZINA,
METOPRÈ,
METOPROLOL,
METOTREXAT,
METOXAMINA,
METOXIFENAMINA,
METOXIFLURÀ,
METRELEPTINA,
METRIZAMIDA,
METRIZOAT SÒDIC,
METRONIDAZOLE,
MEVASTATINA,
MEXAZOLAM,
MEXENONA,
MEXILETINA,
MEZLOCIL·LINA,
MIANSERINA,
MIBEFRADIL,
MICAFUNGINA,
MICOFENOLAT DE MOFETIL (ÀCID MICOFENÒLIC),
MICONAZOLE,
MIDAGLIZOLE,
MIDAZOLAM,
MIDECAMICINA,
MIDODRINA,
MIDOSTAURINA,
MIFAMURTIDA,
MIFEPRISTONA,
MIGLITOL,
MIGLUSTAT,
MILNACIPRAN,
MILRINONA,
MILTEFOSINA,
MINOCICLINA,
MINODIPINA,
MINOXIDIL,
MIRABEGRÓ,
MIRTAZAPINA,
MIRTECAÏNA,
MISOPROSTOL,
MITOBRONITOL,
MITOGUAZONA,
MITOLACTOL,
MITOMICINA,
MITOTÀ,
MITOXANTRONA,
MIVAZEROL,
MIZOLASTINA,
MIZORIBINA,
MOCLOBEMIDA,
MODAFINIL,
MOFEBUTAZONA,
MOFEZOLAC,
MOGAMULIZUMAB,
MOLGRAMOSTIM,
MOLINDONA,
MOLSIDOMINA,
MOMETASONA,
MONENSINA,
MONOBENZONA,
MONONITRAT D'ISOSORBIDA,
MONOXERUTINA,
MONTELUKAST,
MONTEPLASA,
MOPERONA,
MORACIZINA,
MORANTEL,
MORCLOFONA,
MORFINA MST,
MORFINA,
MORINAMIDA,
MORNIFLUMAT,
MOROCTOCOG ALFA,
MOROXIDINA,
MORRUAT SÒDIC,
MOSAPRAMINA,
MOTRETINIDA,
MOXAVERINA,
MOXETUMOMAB PASUDOTOX,
MOXIFLOXACINA,
MOXISILITA,
MOXONIDINA,
MUPIROCINA,
MUROMONAB-CD3,
N-ACETLCISTEINA,
NABILONA,
NABUMETONA,
NADIDA,
NADIFLOXACINA,
NADOLOL,
NADOXOLOL,
NADROPARINA CÀLCICA,
NAFAMOSTAT,
NAFARELINA,
NAFAZATROM,
NAFAZOLINA,
NAFCIL·LINA,
NAFTAZONA,
NAFTIDROFURIL,
NAFTIFINA,
NAFTOPIDIL,
NALBUFINA,
NALDEMEDINA,
NALFURAFINA,
NALMEFÈ,
NALORFINA,
NALOXEGOL,
NALOXONA,
NALTREXONA,
NANDROLONA,
NAPROXÈ,
NAPROXÈN,
NARATRIPTAN,
NARTOGRASTIM,
NASARUPLASA BETA,
NASARUPLASA,
NATALIZUMAB,
NATAMICINA,
NATEGLINIDA,
NATEPLASA,
NEBIVOLOL,
NEBRACETAM,
NEDAPLATÍ,
NEDOCROMIL,
NEFAZODONA,
NEFIRACETAM,
NEFOPAM,
NELARABINA,
NELFINAVIR,
NELTENEXINA,
NEMONAPRIDA,
NEOMICINA,
NEOTOMIZOL,
NEPAFENAC,
NEPINALONA,
NERATINIB,
NESIRITIDA,
NETICONAZOLE,
NETILMICINA,
NETUPITANT,
NEVIRAPINA,
NIALAMIDA,
NIAPRAZINA,
NICARAVÈN,
NICARDIPINA,
NICERGOLINA,
NICERITROL,
NICLOSAMIDA,
NICOCODINA,
NICOFIBRAT,
NICOMORFINA,
NICORANDIL,
NICOTINAMIDA,
NICOTINAT D'INOSITOL,
NIFEDIPINA,
NIFEKALANT,
NIFENAZONA,
NIFURATEL,
NIFUROXAZIDA,
NIFUROXIMA,
NIFURTIMOX,
NIFURTOÏNOL,
NIFURZIDA,
NIKETAMIDA,
NILOTINIB,
NILUTAMIDA,
NILVADIPINA,
NIMESULIDA,
NIMETAZEPAM,
NIMODIPINA,
NIMORAZOLE,
NIMUSTINA,
NINTEDANIB,
NIPEROTIDINA,
NIPRADILOL,
NIRAPARIB,
NISOLDIPINA,
NISTATINA,
NITAZOXANIDA,
NITISINONA,
NITRAZEPAM,
NITRENDIPINA,
NITROFURANTOÏNA,
NITROGLICERINA,
NITROXOLINA,
NIVOLUMAB,
NIZATIDINA,
NIZOFENONA,
NOCLOPROST,
NOLATREXED,
NOMEGESTROL,
NONACOG ALFA,
NONIVAMIDA,
NONOXINOL-9,
NORADRENALINA,
NORDAZEPAM,
NORELGESTROMINA,
NOREPINEFRINA,
NORETANDROLONA,
NORETINODREL,
NORETISTERONA,
NORFENEFRINA,
NORFLOXACINA,
NORFLURÀ,
NORGESTIMAT,
NORGESTREL,
NORGESTRIENONA,
NORMETADONA,
NORTRIPTILINA,
NOSCAPINA,
NOVOBIOCINA,
NOXITIOLINA,
NUSINERSÈN,
OBINUTUZUMAB,
OBLIMERSÈN,
OCRELIZUMAB,
OCRIPLASMINA,
OCTACAÏNA,
OCTENIDINA,
OCTINOXAT,
OCTISALAT,
OCTOCOG ALFA,
OCTOCRILÈ,
OCTODRINA,
OCTOTIAMINA,
OCTOXINOL,
OCTREOTIDA,
OFATUMUMAB,
OFLOXACINA,
OLAFLUR,
OLANZAPINA,
OLAPARIB,
OLARATUMAB,
OLEANDOMICINA,
OLEAT DE MONOETANOLAMINA,
OLEAT DE SORBITAN,
OLMESARTAN,
OLODATEROL,
OLOPATADINA,
OLPRINONA,
OLSALAZINA,
OMALIZUMAB,
OMAPATRILAT,
OMBITASVIR,
OMEPRAZOLE,
OMOCONAZOLE,
ONARTUZUMAB,
ONDANSETRÓ,
ONDANSETRON,
OPEBACAN,
OPICAPONA,
OPIPRAMOL,
OPRELVEKINA,
OPROZOMIB,
OR COL·LOIDAL,
ORAZAMIDA,
ORCIPRENALINA,
OREGOVOMAB,
ORFENADRINA,
ORGOTEÏNA,
ORITAVANCINA,
ORLISTAT,
ORMELOXIFÈ,
ORMETOPRIM,
ORNIDAZOLE,
ORNIPRESSINA,
ORNITINA,
ORNOPROSTIL,
ORTERONEL,
OSALMID,
OSELTAMIVIR,
OSIMERTINIB,
OSPEMIFÈ,
OTELIXIZUMAB,
OTLERTUZUMAB,
OXACEPROL,
OXACIL·LINA,
OXALIPLATÍ,
OXAMNIQUINA,
OXANDROLONA,
OXAPROZINA,
OXATOMIDA,
OXAZEPAM,
OXAZOLAM,
OXCARBAZEPINA,
OXELADINA,
OXENDOLONA,
OXETACAÏNA,
OXETORONA,
OXFENDAZOLE,
OXIBENZONA,
OXIBUPROCAÏNA,
OXIBUTININA,
OXICODONA,
OXICONAZOLE,
OXID NÍTRIC,
OXIFEDRINA,
OXIFENBUTAZONA,
OXIFENCICLIMINA,
OXIFENISATINA,
OXILOFRINA,
OXIMETAZOLINA,
OXIMETOLONA,
OXIMORFONA,
OXIPERTINA,
OXIRACETAM,
OXITETRACICLINA,
OXITOCINA,
OXITRIPTAN,
OXOLAMINA,
OXOMEMAZINA,
OXPRENOLOL,
OZAGREL,
PACLITAXEL,
PACRITINIB,
PADIMAT,
PALBOCICLIB,
PALIFERMINA,
PALIPERIDONA,
PALIVIZUMAB,
PALMIDROL,
PALMITAT DE SORBITAN,
PALONOSETRÓ,
PAMITEPLASA,
PANIPENEM,
PANITUMUMAB,
PANOBINOSTAT,
PANTOPRAZOLE,
PANTOTENAT DE CALCI,
PARACETAMOL,
PARAMETASONA,
PARCONAZOLE,
PARECOXIB,
PARETOXICAÏNA,
PARGEVERINA,
PARGILINA,
PARICALCITOL,
PARITAPREVIR,
PARNAPARINA,
PAROMOMICINA,
PAROXETINA,
PATRITUMAB,
PAZOPANIB,
PEFLOXACINA,
PEG L ASPARAGINASA,
PEGADEMASA,
PEGAPTANIB,
PEGASPARGASA,
PEGFILGRASTIM,
PEGINTERFERÓ ALFA-2A,
PEGLOTICASA,
PEGORGOTEÏNA,
PEGVISOMANT,
PELDESINA,
PEMBROLIZUMAB,
PEMETREXED,
PEMIROLAST,
PEMOLINA,
PENBUTOLOL,
PENCICLOVIR,
PENFLURIDOL,
PENICIL·LAMINA,
PENICIL·LINA G BENETAMÍNICA,
PENICIL·LINA G,
PENICIL·LINA V,
PENTAGASTRINA,
PENTAMIDINA,
PENTAZOCINA,
PENTETAT DE CALCI I TRISODI,
PENTETRAZOL,
PENTIFIL·LINA,
PENTOBARBITAL,
PENTOSAN POLISULFAT SÒDIC,
PENTOSTATINA,
PENTOXIFIL·LINA,
PENTOXIVERINA,
PEPLOMICINA,
PERAMIVIR,
PERAMPANEL,
PERFENAZINA,
PERFLENAPENT,
PERFLEXÀ,
PERFLISOPENT,
PERFLUBRÓ,
PERFLUNAFÈ,
PERFLUTRÈN,
PERGOLIDA,
PERHEXILINA,
PERICIAZINA,
PERINDOPRIL,
PERMETRINA,
PERMIXON,
PEROSPIRONA,
PERTUZUMAB,
PETIDINA,
PIBRENTASVIR,
PICLOXIDINA,
PICOLAMINA,
PICOSULFAT SÒDIC,
PIDOTIMOD,
PIKETOPROFÈN,
PILSICAÏNIDA,
PIMAGEDINA,
PIMECROLIMÚS,
PIMETIXÈ,
PIMOBENDAN,
PIMOZIDA,
PINACIDIL,
PINAZEPAM,
PINDOLOL,
PIOGLITAZONA,
PIPAMPERONA,
PIPAZETAT,
PIPERACETAZINA,
PIPERACIL·LINA-TAZOBACTAM,
PIPERACIL·LINA,
PIPERIDOLAT,
PIPETANAT,
PIPOBROMAN,
PIPOTIAZINA,
PIPOXOLAN,
PIPRADROL,
PIPRATECOL,
PIPRINHIDRINAT,
PIRACETAM,
PIRANTEL,
PIRARUBICINA,
PIRAZINAMIDA,
PIRBUTEROL,
PIRENZEPINA,
PIRETANIDA,
PIRFENIDONA,
PIRIBEDIL,
PIRICARBAT,
PIRIDOFIL·LINA,
PIRIDOXILAT,
PIRIDOXINA - EXCIPIENT,
PIRIDOXINA,
PIRIFIBRAT,
PIRIMETAMINA,
PIRISUDANOL,
PIRITILDIONA,
PIRITINOL,
PIRITIONA,
PIRITRAMIDA,
PIRITREXIM,
PIRLINDOLE,
PIRMENOL,
PIROCTONA,
PIROXICAM,
PIROZADIL,
PIRROLNITRINA,
PITAVASTATINA,
PITOFENONA,
PITOLISANT,
PIVAMPICIL·LINA,
PIVMECIL·LINAM,
PIXANTRONA,
PIZOTIFÈN,
PLACITAXEL,
PLAUNOTOL,
PLAZOMICINA,
PLECANATIDA,
PLECONARIL,
PLERIXAFOR,
PLICAMICINA,
PLINABULÍN,
POLACRILINA,
POLAPREZINC,
POLICARBOFIL,
POLICRESULÈN,
POLIGELINA,
POLIHEXANIDA,
POLIMIXINA B,
POLINOXILINA,
POLITIAZIDA,
POLOXALÈ,
POLOXÀMER,
POMALIDOMIDA,
PONATINIB,
PONESIMOD,
PORFÍMER SÒDIC,
POSACONAZOLE,
POSATIRELINA,
POTASSI,
POVIDONA,
PRADIGASTAT,
PRAMIPEXOL,
PRAMIPEXOLE,
PRAMIRACETAM,
PRAMIVERINA,
PRAMLINTIDA,
PRANLUKAST,
PRANOPROFÈN,
PRASTERONA,
PRASUGREL,
PRAVASTATINA,
PRAZEPAM,
PRAZIQUANTEL,
PRAZOSINA,
PREDNAZOLINA,
PREDNICARBAT,
PREDNILIDÈ,
PREDNIMUSTINA,
PREDNISOLONA,
PREDNISONA,
PREGABALINA,
PRENALTEROL,
PRENILAMINA,
PRENOXDIAZINA,
PRIDINOL,
PRILOCAÏNA,
PRIMAQUINA,
PRIMIDONA,
PRISTINAMICINA,
PROADIFÈN,
PROBENECID,
PROBUCOL,
PROCAÏNA,
PROCAÏNAMIDA,
PROCARBAZINA,
PROCATEROL,
PROCICLIDINA,
PROCINONIDA,
PROCLORPERAZINA,
PROCODAZOLE,
PROFENAMINA,
PROGABIDA,
PROGESTERONA,
PROGLUMETACINA,
PROGLUMIDA,
PROGUANIL,
PROLIGESTONA,
PROLINA,
PROLINTÀ,
PROMAZINA,
PROMEGESTONA,
PROMELASA,
PROMESTRIÈ,
PROMETAZINA,
PROMOLAT,
PROPACETAMOL,
PROPAFENONA,
PROPAMIDINA,
PROPANIDID,
PROPANOCAÏNA,
PROPATILNITRAT,
PROPENTOFIL·LINA,
PROPICIL·LINA,
PROPIFENAZONA,
PROPILHEXEDRINA,
PROPILIODONA,
PROPILTIURACIL,
PROPIOLACTONA,
PROPIOMAZINA,
PROPIPOCAÏNA,
PROPIVERINA,
PROPOFOL,
PROPOXICAÏNA,
PROPRANOLOL,
PROQUAZONA,
PROROXAN,
PROSCIL·LARIDINA,
PROSULTIAMINA,
PROTAMINA,
PROTIONAMIDA,
PROTIPENDIL,
PROTIRELINA,
PROTRIPTILINA,
PROXAZOLE,
PROXIBARBAL,
PROXIFIL·LINA,
PROXIMETACAÏNA,
PROZAPINA,
PRUCALOPRIDA,
PRULIFLOXACINA,
PSEUDOEFEDRINA,
QUAZEPAM,
QUETIAPINA,
QUIFENADINA,
QUIMOPAPAÏNA,
QUIMOTRIPSINA,
QUINAGOLIDA,
QUINAPRIL,
QUINESTRADOL,
QUINESTROL,
QUINETAZONA,
QUINFAMIDA,
QUINISOCAÏNA,
QUINUPRAMINA,
QUINUPRISTINA,
RABEPRAZOLE,
RACECADOTRIL,
RAFOXANIDA,
RALOXIFÈ,
RALTEGRAVIR,
RALTITREXED,
RAMIFENAZONA,
RAMIPRIL,
RAMOPLANINA,
RAMOSETRÓ,
RAMUCIRUMAB,
RANELAT D'ESTRONCI,
RANIBIZUMAB,
RANIMUSTINA,
RANITIDINA,
RANOLAZINA,
RANPIRNASA,
RASAGILINA,
RASBURICASA,
RAXIBACUMAB,
RAZOXÀ,
REBAMIPIDA,
REBOXETINA,
REFAMETINIB,
REGADENOSÓ,
REGORAFENIB,
REMACEMIDA,
REMDESIVIR,
REMIFENTANIL,
REMIKIRÈN,
REMIMAZOLAM,
RENZAPRIDA,
REPAGLINIDA,
REPIRINAST,
REPROTEROL,
RESCINNAMINA,
RESERPINA,
RESINA CÀLCICA,
RESIQUIMOD,
RETAPAMULINA,
RETEPLASA,
RETIGABINA,
RETINOL,
REVIPARINA SÒDICA,
RIBAVIRINA,
RIBOCICLIB,
RIBOFLAVINA,
RIFABUTINA,
RIFAMICINA,
RIFAMPICINA,
RIFAPENTINA,
RIFAXIMINA,
RILONACEPT,
RILPIVIRINA,
RILUZOLE,
RIMANTADINA,
RIMEXOLONA,
RIMITEROL,
RIOCIGUAT,
RISEDRONAT SÒDIC,
RISPERIDONA,
RITANSERINA,
RITIOMETAN,
RITODRINA,
RITONAVIR,
RITUXIMAB,
RIVAROXABAN,
RIVASTIGMINA,
RIZATRIPTAN,
ROBENIDINA,
ROCIVERINA,
ROCURONI,
ROFECOXIB,
ROFLUMILAST,
ROKITAMICINA,
ROLITETRACICLINA,
ROMIFIDINA,
ROMIPLOSTIM,
ROMOSOZUMAB,
RONIDAZOLE,
RONIFIBRAT,
ROPINIROLE,
ROPIVACAÏNA,
ROSIGLITAZONA,
ROSOXACINA,
ROSUVASTATINA,
ROTIGOTINA,
ROXADIMAT,
ROXARSONA,
ROXATIDINA,
ROXITROMICINA,
RUBITECAN,
RUCAPARIB,
RUFINAMIDA,
RUFLOXACINA,
RUPATADINA,
RURIOCTOCOG ALFA PEGOL,
RUTÒSID,
RUXOLITINIB,
SABELUZOLE,
SACARAT DE CALCI,
SACUBITRIL,
SAFINAMIDA,
SALBUTAMOL,
SALICILAMIDA,
SALICILAT D'IMIDAZOLE,
SALICILAT DE COLINA,
SALMETEROL,
SALNACEDINA,
SALSALAT,
SALVERINA,
SAPERCONAZOLE,
SAPROPTERINA,
SAQUINAVIR,
SARALASINA,
SARGRAMOSTIM,
SARILUMAB,
SARPOGRELAT,
SARUPLASA,
SATRAPLATÍ,
SAXAGLIPTINA,
SEBELIPASA ALFA,
SECBUTABARBITAL,
SECNIDAZOLE,
SECOBARBITAL,
SECRETINA,
SECUKINUMAB,
SELEGILINA,
SELEXIPAG,
SELFOTEL,
SEMAGLUTIDA,
SEMUSTINA,
SEOCALCITOL,
SERATRODAST,
SERELAXINA,
SERINA,
SERMORELINA,
SERRAPEPTASA,
SERTACONAZOLE,
SERTINDOLE,
SERTRALINA,
SESQUIOLEAT DE SORBITAN,
SETASTINA,
SEVELÀMER,
SEVOFLURÀ,
SIBRAFIBAN,
SIBUTRAMINA,
SILDENAFIL,
SILIBININA,
SILICRISTINA,
SILIDIANINA,
SILODOSINA,
SILTUXIMAB,
SIMEPREVIR,
SIMETICONA,
SIMFIBRAT,
SIMOCTOCOG ALFA,
SIMVASTATINA,
SINAPULTIDA,
SINCALIDA,
SIROLIMUS,
SIROLIMÚS,
SISOMICINA,
SITAGLIPTINA,
SITAXENTAN,
SIVELESTAT,
SIZOFIRAN,
SOBUZOXÀ,
SOFOSBUVIR,
SOLIFENACINA,
SOMAGREBOVA,
SOMATORELINA,
SOMATOSTATINA,
SOMATOTROPINA,
SOMATREM,
SOMETRIBOVA,
SOMIDOBOVA,
SONIDEGIB,
SONOLISIB,
SORAFENIB,
SORBINIL,
SORIVUDINA,
SOTALOL,
SOTRASTAURINA,
SUCCÍMER,
SUCCINAT D'ESTRIOL,
SUCCINILCOLINA,
SUCCINILSULFATIAZOLE,
SUCRALFAT,
SUDISMASA,
SUFENTANIL,
SUGAMMADEX,
SULBACTAM,
SULBENICIL·LINA,
SULBUTIAMINA,
SULCONAZOLE,
SULEPAROIDE SÒDIC,
SULFABENZAMIDA,
SULFACARBAMIDA,
SULFACETAMIDA,
SULFACLORPIRIDAZINA,
SULFACRISOÏDINA,
SULFADIAZINA,
SULFADICRAMIDA,
SULFADIMETOXINA,
SULFADIMIDINA,
SULFADOXINA,
SULFAFURAZOLE,
SULFAGUANIDINA,
SULFAMERAZINA,
SULFAMETIZOLE,
SULFAMETOXAZOL,
SULFAMETOXAZOLE,
SULFAMETOXIPIRIDAZINA,
SULFAMETROLE,
SULFAMONOMETOXINA,
SULFAMOXOLE,
SULFANILAMIDA,
SULFAPIRIDINA,
SULFASALAZINA,
SULFASUCCINAMIDA,
SULFATIAZOLE,
SULFATROXAZOLE,
SULFINPIRAZONA,
SULFIRAM,
SULFISOMIDINA,
SULFOGUAIACOL,
SULFÒXID DE DIMETIL,
SULGLICOTIDA,
SULINDAC,
SULISOBENZONA,
SULODEXIDA,
SULPIRIDA,
SULPROSTONA,
SULTAMICIL·LINA,
SULTIAM,
SULTOPRIDA,
SUMATRIPTAN,
SUNITINIB,
SUPROFÈN,
SUTEZOLID,
SUTILAÏNA,
SUVOREXANT,
SUXIBUZONA,
TACALCITOL,
TACRINA,
TACROLIMÚS,
TADALAFIL,
TAFAMIDÍS,
TAFENOQUINA,
TAFLUPROST,
TALIDOMIDA,
TALIMOGEN LAHERPAREPVEC,
TALINOLOL,
TALIPEXOLE,
TALTIRELINA,
TAMOXIFÈN,
TAMSULOSINA,
TANDOSPIRONA,
TAPENTADOL,
TAREXTUMAB,
TASIMELTEON,
TASONERMINA,
TASOSARTAN,
TASQUINIMOD,
TAURINA,
TAUROLIDINA,
TAZAROTÈ,
TAZOBACTAM,
TEBACÓ,
TECLOTIAZIDA,
TECLOZAN,
TEDIZOLID,
TEGAFUR,
TEGASEROD,
TEICOPLANINA,
TELAPREVIR,
TELAVANCINA,
TELBIVUDINA,
TELITROMICINA,
TELMESTEÏNA,
TELMISARTAN,
TELOTRISTAT,
TEMAFLOXACINA,
TEMAZEPAM,
TEMEFÓS,
TEMOCAPRIL,
TEMOCIL·LINA,
TEMOPORFINA,
TEMOZOLOMIDA,
TEMSIROLIMÚS,
TENAMFETAMINA,
TENECTEPLASA,
TENIDAP,
TENILDIAMINA,
TENIPÒSID,
TENOFOVIR,
TENONITROZOLE,
TENOXICAM,
TENSIROLIMUS,
TEODRENALINA,
TEOFIL·LINA,
TEOFIL·LINAT DE COLINA,
TEPLIZUMAB,
TEPRENONA,
TEPROTIDA,
TEPROTUMUMAB,
TERAZOSINA,
TERBINAFINA,
TERBUTALINA,
TERCONAZOLE,
TERFENADINA,
TERGURIDA,
TERIFLUNOMIDA,
TERIPARATIDA,
TERIZIDONA,
TERLIPRESSINA,
TERNIDAZOLE,
TERTATOLOL,
TESEVATINIB,
TESMILIFÈ,
TESTOLACTONA,
TESTOSTERONA,
TETRABENAZINA,
TETRACAÏNA,
TETRACICLINA,
TETRACOSACTIDA,
TETRADECILSULFAT SÒDIC,
TETRANITRAT D'ERITRITIL,
TETRANITRAT DE PENTAERITRITIL,
TETRAZEPAM,
TETRIDAMINA,
TETRIZOLINA,
TETROXOPRIM,
TEZOSENTAN,
TIABENDAZOLE,
TIADENOL,
TIAGABINA,
TIAMAZOLE,
TIAMFENICOL,
TIAMINA,
TIAMULINA,
TIANEPTINA,
TIAPRIDA,
TIARAMIDA,
TIBOLONA,
TICAGRELOR,
TICARCIL·LINA,
TICLOPIDINA,
TIETILPERAZINA,
TIFLUADOM,
TIGECICLINA,
TILACTASA,
TILBROQUINOL,
TILETAMINA,
TILIDINA,
TILIQUINOL,
TILOXAPOL,
TIMALFASINA,
TIMIPERONA,
TIMOLOL,
TIMONÀCIC,
TINIDAZOLE,
TINZAPARINA,
TIOACETAZONA,
TIOCLOMAROL,
TIOCOLQUICÒSID,
TIOCONAZOLE,
TIOGUANINA,
TIOMERSAL,
TIOPENTAL,
TIOPRONINA,
TIOPROPERAZINA,
TIORIDAZINA,
TIOTEPA,
TIOTIXÈ,
TIOXOLONA,
TIPEPIDINA,
TIPIRACIL,
TIPRANAVIR,
TIRAM,
TIRAPAZAMINA,
TIRASEMTIV,
TIRATRICOL,
TIRILAZAD,
TIROFIBAN,
TIROGLOBULINA,
TIROPANOAT SÒDIC,
TIROPRAMIDA,
TIROSINA,
TIROTRICINA,
TIROTROFINA,
TIROTROPINA ALFA,
TISAGENLECLEUCEL,
TISOPURINA,
TIXOCORTOL,
TIZANIDINA,
TOBRAMICINA,
TOCAÏNIDA,
TOCILIZUMAB,
TOCOFIBRAT,
TODRALAZINA,
TOFACITINIB,
TOFISOPAM,
TOLAZAMIDA,
TOLAZOLINA,
TOLBUTAMIDA,
TOLCAPONA,
TOLCICLAT,
TOLICAÏNA,
TOLMETINA,
TOLNAFTAT,
TOLOXATONA,
TOLPERISONA,
TOLPROPAMINA,
TOLTERODINA,
TOLVAPTAN,
TOPIRAMAT,
TOPOTECAN,
TORASEMIDA,
TOREMIFÈ,
TOSILAT DE BRETILI,
TOSILAT DE SUPLATAST,
TOSILCLORAMIDA SÒDICA,
TOSITUMOMAB,
TOSUFLOXACINA,
TOXINA BOTULÍNICA,
TRABECTEDINA,
TRAFERMINA,
TRALOKINUMAB,
TRAMADOL,
TRAMAZOLINA,
TRAMETINIB,
TRANDOLAPRIL,
TRANILAST,
TRANILCIPROMINA,
TRAPIDIL,
TRASTUZUMAB,
TRAVOPROST,
TRAZODONA,
TREBANANIB,
TREMACAMRA,
TREMELIMUMAB,
TREONINA,
TREOSULFAN,
TREPIBUTONA,
TREPROSTINIL,
TRETINOÏNA,
TRETOQUINOL,
TRIACETINA,
TRIAMCINOLONA,
TRIAMTERÈ,
TRIAZOLAM,
TRIBENÒSID,
TRIBROMSALAN,
TRICLABENDAZOLE,
TRICLOCARBAN,
TRICLOFÓS,
TRICLORMETIAZIDA,
TRICLOROETILÈ,
TRICLOSAN,
TRIENTINA,
TRIESTEARAT DE SORBITAN,
TRIETIODUR DE GAL·LAMINA,
TRIFLUOPERAZINA,
TRIFLUPERIDOL,
TRIFLUPROMAZINA,
TRIFLURIDINA,
TRIFLUSAL,
TRIHEXIFENIDIL,
TRILOSTÀ,
TRIMEBUTINA,
TRIMECAÏNA,
TRIMEGESTONA,
TRIMEPERIDINA,
TRIMETADIONA,
TRIMETAZIDINA,
TRIMETOBENZAMIDA,
TRIMETOPRIM,
TRIMETREXAT,
TRIMIPRAMINA,
TRIOLEAT DE SORBITAN,
TRIOXISALÈN,
TRIPAMIDA,
TRIPARSAMIDA,
TRIPELENNAMINA,
TRIPROLIDINA,
TRIPTÒFAN,
TRIPTORELINA,
TRITOQUALINA,
TROFOSFAMIDA,
TROGLITAZONA,
TROLAMINA,
TROLEANDOMICINA,
TROMANTADINA,
TROMETAMOL,
TROPATEPINA,
TROPICAMIDA,
TROPISETRÓ,
TROSPECTOMICINA,
TROVAFLOXACINA,
TROXERUTINA,
TROXIPIDA,
TUAMINOHEPTÀ,
TUCARESOL,
TULOBUTEROL,
UBENIMEX,
UBIDECARENONA,
ULINASTATINA,
ULIPRISTAL,
ULOBETASOL,
UNOPROSTONA,
URAPIDIL,
UROCINASA,
UROFOL·LITROPINA,
USTEKINUMAB,
VABORBACTAM,
VACUNA COVID-19,
VACUNA COVID-19 JANSSEN / JOHNSON & JOHNSON,
VACUNA COVID-19 MODERNA / LONZA,
VACUNA COVID-19 OXFORD ASTRAZENECA,
VACUNA COVID-19 PFIZER / BIONTECH (COMINARTY),
VACUNA COVID-19 SPUTNIK V,
VACUNA GRIP,
VACUNA HERPES ZOSTER,
VACUNA PNEUMOCOC,
VADADUSTAT,
VALACICLOVIR,
VALBENAZINA,
VALDECOXIB,
VALERAT D'ESTRADIOL,
VALGANCICLOVIR,
VALINA,
VALNOCTAMIDA,
VALPROAT PIVOXIL,
VALPROAT SEMISÒDIC,
VALPROMIDA,
VALRUBICINA,
VALSARTAN,
VALSPODAR,
VALTRAT,
VANCOMICINA,
VANDETANIB,
VAPREOTIDA,
VARDENAFIL,
VARENICLINA,
VATREPTACOG ALFA (ACTIVAT),
VEDOLIZUMAB,
VELAGLUCERASA ALFA,
VELMANASA ALFA,
VELPATASVIR,
VEMURAFENIB,
VENETOCLAX,
VENLAFAXINA,
VERALIPRIDA,
VERAPAMIL,
VERNAKALANT,
VERTEPORFINA,
VERUBECESTAT,
VESNARINONA,
VESTRONIDASA ALFA,
VETRABUTINA,
VIDARABINA,
VIGABATRINA,
VILANTEROL,
VILAZODONA,
VILDAGLIPTINA,
VILOXAZINA,
VIMINOL,
VINBLASTINA,
VINBURNINA,
VINCAMINA,
VINCRISTINA,
VINDESINA,
VINFLUNINA,
VINILBITAL,
VINORELBINA,
VINPOCETINA,
VIQUIDIL,
VIRGINIAMICINA,
VISMODEGIB,
VISNADINA,
VITAMINA D,
VOCLOSPORINA,
VOGLIBOSA,
VOLOCIXIMAB,
VONICOG ALFA,
VORAPAXAR,
VORETIGEN NEPARVOVEC,
VORICONAZOLE,
VOROZOLE,
VORTIOXETINA,
WARFARINA,
XAMOTEROL,
XANOMELINA,
XEMILOFIBAN,
XENISALAT,
XIBORNOL,
XILOMETAZOLINA,
XIMELAGATRAN,
XIPAMIDA,
ZAFIRLUKAST,
ZALCITABINA,
ZALDARIDA,
ZALEPLÓ,
ZALTOPROFÈN,
ZAMIFENACINA,
ZANAMIVIR,
ZERANOL,
ZIBOTENTAN,
ZICONOTIDA,
ZIDOVUDINA,
ZILEUTÓ,
ZINOSTATINA,
ZIPEPROL,
ZIPRASIDONA,
ZOFENOPRIL,
ZOLMITRIPTAN,
ZOLPIDEM,
ZONISAMIDA,
ZOPICLONA,
ZORUBICINA,
ZOTEPINA,
ZUCLOPENTIXOL,
